Player,Year,Lge
Paul Arizin*,1951,NBA
Vince Boryla,1951,NBA
Bob Cousy*,1951,NBA
Joe Fulks*,1951,NBA
Harry Gallatin*,1951,NBA
Ed Macauley*,1951,NBA
Dick McGuire*,1951,NBA
Andy Phillip*,1951,NBA
Red Rocha,1951,NBA
Dolph Schayes*,1951,NBA
Ralph Beard,1951,NBA
Frankie Brian,1951,NBA
Bob Davies*,1951,NBA
Dike Eddleman,1951,NBA
Larry Foust,1951,NBA
Alex Groza,1951,NBA
George Mikan*,1951,NBA
Vern Mikkelsen*,1951,NBA
Jim Pollard*,1951,NBA
Fred Schaus,1951,NBA
Paul Arizin*,1952,NBA
Bob Cousy*,1952,NBA
Joe Fulks*,1952,NBA
Harry Gallatin*,1952,NBA
Ed Macauley*,1952,NBA
Dick McGuire*,1952,NBA
Andy Phillip*,1952,NBA
Red Rocha,1952,NBA
Dolph Schayes* (1),1952,NBA
Fred Scolari,1952,NBA
Max Zaslofsky,1952,NBA
Leo Barnhorst,1952,NBA
Frankie Brian,1952,NBA
Bob Davies*,1952,NBA
Dike Eddleman,1952,NBA
Larry Foust (2),1952,NBA
George Mikan*,1952,NBA
Vern Mikkelsen*,1952,NBA
Jim Pollard*,1952,NBA
Arnie Risen*,1952,NBA
Paul Walther,1952,NBA
Bobby Wanzer*,1952,NBA
Don Barksdale*,1953,NBA
Carl Braun*,1953,NBA
Bob Cousy*,1953,NBA
Bill Gabor,1953,NBA
Harry Gallatin*,1953,NBA
Neil Johnston*,1953,NBA
Ed Macauley*,1953,NBA
Dolph Schayes*,1953,NBA
Fred Scolari (1),1953,NBA
Paul Seymour,1953,NBA
Bill Sharman*,1953,NBA
Leo Barnhorst,1953,NBA
Bob Davies*,1953,NBA
Larry Foust,1953,NBA
Mel Hutchins,1953,NBA
Slater Martin*,1953,NBA
George Mikan*,1953,NBA
Vern Mikkelsen*,1953,NBA
Andy Phillip*,1953,NBA
Arnie Risen*,1953,NBA
Bobby Wanzer*,1953,NBA
Carl Braun*,1954,NBA
Bob Cousy*,1954,NBA
Ray Felix,1954,NBA
Harry Gallatin*,1954,NBA
Neil Johnston*,1954,NBA
Ed Macauley*,1954,NBA
Dick McGuire*,1954,NBA
Dolph Schayes*,1954,NBA
Paul Seymour,1954,NBA
Bill Sharman*,1954,NBA
Bob Davies*,1954,NBA
Larry Foust,1954,NBA
Mel Hutchins,1954,NBA
Slater Martin*,1954,NBA
George Mikan*,1954,NBA
Jack Molinas (1),1954,NBA
Andy Phillip*,1954,NBA
Jim Pollard*,1954,NBA
Arnie Risen*,1954,NBA
Don Sunderlage,1954,NBA
Bobby Wanzer*,1954,NBA
Paul Arizin*,1955,NBA
Carl Braun*,1955,NBA
Bob Cousy*,1955,NBA
Harry Gallatin*,1955,NBA
Neil Johnston*,1955,NBA
Ed Macauley*,1955,NBA
Dick McGuire*,1955,NBA
Dolph Schayes*,1955,NBA
Paul Seymour,1955,NBA
Bill Sharman*,1955,NBA
Jack Coleman,1955,NBA
Larry Foust,1955,NBA
Slater Martin*,1955,NBA
Vern Mikkelsen*,1955,NBA
Bob Pettit*,1955,NBA
Andy Phillip*,1955,NBA
Jim Pollard*,1955,NBA
Arnie Risen* (1),1955,NBA
Frank Selvy,1955,NBA
Bobby Wanzer*,1955,NBA
George Yardley*,1955,NBA
Paul Arizin*,1956,NBA
Carl Braun* (1),1956,NBA
Bob Cousy*,1956,NBA
Harry Gallatin*,1956,NBA
Jack George,1956,NBA
Neil Johnston*,1956,NBA
Red Kerr,1956,NBA
Ed Macauley*,1956,NBA
Dick McGuire*,1956,NBA
Dolph Schayes*,1956,NBA
Bill Sharman*,1956,NBA
Larry Foust,1956,NBA
Bob Harrison,1956,NBA
Mel Hutchins,1956,NBA
Clyde Lovellette*,1956,NBA
Slater Martin*,1956,NBA
Vern Mikkelsen*,1956,NBA
Bob Pettit*,1956,NBA
Maurice Stokes*,1956,NBA
Bobby Wanzer*,1956,NBA
George Yardley*,1956,NBA
Paul Arizin*,1957,NBA
Carl Braun*,1957,NBA
Nat Clifton*,1957,NBA
Bob Cousy*,1957,NBA
Harry Gallatin*,1957,NBA
Jack George,1957,NBA
Tom Heinsohn*,1957,NBA
Neil Johnston*,1957,NBA
Dolph Schayes*,1957,NBA
Bill Sharman*,1957,NBA
Dick Garmaker,1957,NBA
Mel Hutchins,1957,NBA
Clyde Lovellette* (1),1957,NBA
Ed Macauley*,1957,NBA
Slater Martin*,1957,NBA
Vern Mikkelsen*,1957,NBA
Bob Pettit*,1957,NBA
Richie Regan,1957,NBA
Maurice Stokes*,1957,NBA
Jack Twyman*,1957,NBA
George Yardley*,1957,NBA
Paul Arizin*,1958,NBA
Larry Costello,1958,NBA
Bob Cousy*,1958,NBA
Richie Guerin*,1958,NBA
Neil Johnston*,1958,NBA
Willie Naulls,1958,NBA
Bill Russell*,1958,NBA
Dolph Schayes*,1958,NBA
Kenny Sears,1958,NBA
Bill Sharman*,1958,NBA
Larry Foust,1958,NBA
Dick Garmaker,1958,NBA
Cliff Hagan* (1),1958,NBA
Slater Martin*,1958,NBA
Dick McGuire*,1958,NBA
Bob Pettit*,1958,NBA
Gene Shue,1958,NBA
Maurice Stokes*,1958,NBA
Jack Twyman*,1958,NBA
George Yardley*,1958,NBA
Paul Arizin*,1959,NBA
Larry Costello,1959,NBA
Bob Cousy*,1959,NBA
Richie Guerin*,1959,NBA
Red Kerr,1959,NBA
Bill Russell*,1959,NBA
Woody Sauldsberry,1959,NBA
Dolph Schayes*,1959,NBA
Kenny Sears,1959,NBA
Bill Sharman*,1959,NBA
Elgin Baylor*,1959,NBA
Larry Foust,1959,NBA
Dick Garmaker,1959,NBA
Cliff Hagan*,1959,NBA
Slater Martin*,1959,NBA
Dick McGuire*,1959,NBA
Bob Pettit*,1959,NBA
Gene Shue,1959,NBA
Jack Twyman*,1959,NBA
George Yardley*,1959,NBA
Paul Arizin* (1),1960,NBA
Wilt Chamberlain*,1960,NBA
Larry Costello,1960,NBA
Bob Cousy*,1960,NBA
Tom Gola*,1960,NBA
Richie Guerin*,1960,NBA
Willie Naulls,1960,NBA
Bill Russell*,1960,NBA
Dolph Schayes*,1960,NBA
Bill Sharman*,1960,NBA
George Yardley*,1960,NBA
Elgin Baylor*,1960,NBA
Walter Dukes,1960,NBA
Dick Garmaker,1960,NBA
Cliff Hagan*,1960,NBA
Hot Rod Hundley,1960,NBA
Clyde Lovellette*,1960,NBA
Chuck Noble,1960,NBA
Bob Pettit*,1960,NBA
Gene Shue,1960,NBA
Jack Twyman*,1960,NBA
Paul Arizin*,1961,NBA
Wilt Chamberlain*,1961,NBA
Larry Costello,1961,NBA
Bob Cousy*,1961,NBA
Tom Gola*,1961,NBA
Hal Greer*,1961,NBA
Richie Guerin*,1961,NBA
Tom Heinsohn*,1961,NBA
Willie Naulls,1961,NBA
Bill Russell*,1961,NBA
Dolph Schayes*,1961,NBA
Elgin Baylor*,1961,NBA
Walter Dukes,1961,NBA
Wayne Embry*,1961,NBA
Cliff Hagan*,1961,NBA
Bailey Howell*,1961,NBA
Hot Rod Hundley,1961,NBA
Clyde Lovellette*,1961,NBA
Bob Pettit*,1961,NBA
Oscar Robertson*,1961,NBA
Gene Shue,1961,NBA
Jerry West*,1961,NBA
Paul Arizin*,1962,NBA
Wilt Chamberlain*,1962,NBA
Larry Costello (1),1962,NBA
Bob Cousy*,1962,NBA
Tom Gola* (2),1962,NBA
Johnny Green,1962,NBA
Hal Greer*,1962,NBA
Richie Guerin*,1962,NBA
Tom Heinsohn*,1962,NBA
Sam Jones*,1962,NBA
Willie Naulls,1962,NBA
Bill Russell*,1962,NBA
Dolph Schayes*,1962,NBA
Elgin Baylor*,1962,NBA
Walt Bellamy*,1962,NBA
Wayne Embry*,1962,NBA
Cliff Hagan*,1962,NBA
Bailey Howell*,1962,NBA
Rudy LaRusso (3),1962,NBA
Bob Pettit*,1962,NBA
Oscar Robertson*,1962,NBA
Frank Selvy,1962,NBA
Gene Shue,1962,NBA
Jack Twyman*,1962,NBA
Jerry West*,1962,NBA
Elgin Baylor*,1963,NBA
Walt Bellamy*,1963,NBA
Wilt Chamberlain*,1963,NBA
Terry Dischinger,1963,NBA
Bailey Howell*,1963,NBA
Rudy LaRusso,1963,NBA
Tom Meschery,1963,NBA
Don Ohl,1963,NBA
Bob Pettit*,1963,NBA
Guy Rodgers*,1963,NBA
Jerry West*,1963,NBA
Lenny Wilkens*,1963,NBA
Bob Cousy*,1963,NBA
Wayne Embry* (1),1963,NBA
Tom Gola*,1963,NBA
Johnny Green,1963,NBA
Hal Greer*,1963,NBA
Richie Guerin*,1963,NBA
Tom Heinsohn*,1963,NBA
Red Kerr,1963,NBA
Oscar Robertson*,1963,NBA
Bill Russell*,1963,NBA
Lee Shaffer,1963,NBA
Jack Twyman*,1963,NBA
Elgin Baylor*,1964,NBA
Walt Bellamy*,1964,NBA
Wilt Chamberlain*,1964,NBA
Terry Dischinger,1964,NBA
Bailey Howell*,1964,NBA
Don Ohl,1964,NBA
Bob Pettit*,1964,NBA
Guy Rodgers*,1964,NBA
Jerry West*,1964,NBA
Lenny Wilkens*,1964,NBA
Len Chappell,1964,NBA
Wayne Embry*,1964,NBA
Tom Gola*,1964,NBA
Hal Greer*,1964,NBA
Tom Heinsohn*,1964,NBA
Sam Jones*,1964,NBA
Jerry Lucas*,1964,NBA
Oscar Robertson*,1964,NBA
Bill Russell*,1964,NBA
Chet Walker*,1964,NBA
Elgin Baylor*,1965,NBA
Walt Bellamy*,1965,NBA
Wilt Chamberlain*,1965,NBA
Terry Dischinger,1965,NBA
Gus Johnson*,1965,NBA
Don Ohl,1965,NBA
Bob Pettit*,1965,NBA
Nate Thurmond*,1965,NBA
Jerry West*,1965,NBA
Lenny Wilkens*,1965,NBA
Larry Costello,1965,NBA
Wayne Embry*,1965,NBA
Johnny Green,1965,NBA
Hal Greer*,1965,NBA
Tom Heinsohn* (1),1965,NBA
Luke Jackson,1965,NBA
Sam Jones*,1965,NBA
Jerry Lucas*,1965,NBA
Willis Reed*,1965,NBA
Oscar Robertson*,1965,NBA
Bill Russell*,1965,NBA
Wilt Chamberlain*,1966,NBA
Hal Greer*,1966,NBA
John Havlicek*,1966,NBA
Sam Jones*,1966,NBA
Jerry Lucas*,1966,NBA
Willis Reed*,1966,NBA
Oscar Robertson*,1966,NBA
Bill Russell*,1966,NBA
Adrian Smith,1966,NBA
Chet Walker*,1966,NBA
Rick Barry*,1966,NBA
Zelmo Beaty*,1966,NBA
Dave DeBusschere*,1966,NBA
Bailey Howell*,1966,NBA
Rudy LaRusso,1966,NBA
Eddie Miles,1966,NBA
Don Ohl,1966,NBA
Guy Rodgers*,1966,NBA
Nate Thurmond*,1966,NBA
Jerry West*,1966,NBA
Rick Barry*,1967,NBA
Elgin Baylor*,1967,NBA
Bill Bridges,1967,NBA
Dave DeBusschere*,1967,NBA
Darrall Imhoff,1967,NBA
Guy Rodgers*,1967,NBA
Jerry Sloan*,1967,NBA
Nate Thurmond*,1967,NBA
Jerry West*,1967,NBA
Lenny Wilkens*,1967,NBA
Wilt Chamberlain*,1967,NBA
Hal Greer*,1967,NBA
John Havlicek*,1967,NBA
Bailey Howell*,1967,NBA
Jerry Lucas*,1967,NBA
Don Ohl,1967,NBA
Willis Reed*,1967,NBA
Oscar Robertson*,1967,NBA
Bill Russell*,1967,NBA
Chet Walker*,1967,NBA
Dick Barnett,1968,NBA
Dave Bing*,1968,NBA
Wilt Chamberlain*,1968,NBA
Dave DeBusschere*,1968,NBA
Hal Greer*,1968,NBA
John Havlicek*,1968,NBA
Gus Johnson*,1968,NBA
Sam Jones*,1968,NBA
Jerry Lucas*,1968,NBA
Willis Reed*,1968,NBA
Oscar Robertson*,1968,NBA
Bill Russell*,1968,NBA
Walt Hazzard,1968,NBA
Elgin Baylor*,1968,NBA
Zelmo Beaty*,1968,NBA
Bob Boozer,1968,NBA
Bill Bridges,1968,NBA
Archie Clark,1968,NBA
Jim King,1968,NBA
Don Kojis,1968,NBA
Rudy LaRusso,1968,NBA
Clyde Lee,1968,NBA
Nate Thurmond* (1),1968,NBA
Jerry West*,1968,NBA
Lenny Wilkens*,1968,NBA
Dave Bing*,1969,NBA
Billy Cunningham*,1969,NBA
Hal Greer*,1969,NBA
John Havlicek*,1969,NBA
Gus Johnson*,1969,NBA
Jerry Lucas*,1969,NBA
Jon McGlocklin,1969,NBA
Earl Monroe*,1969,NBA
Willis Reed*,1969,NBA
Oscar Robertson*,1969,NBA
Bill Russell*,1969,NBA
Wes Unseld*,1969,NBA
Elgin Baylor*,1969,NBA
Joe Caldwell,1969,NBA
Wilt Chamberlain*,1969,NBA
Gail Goodrich*,1969,NBA
Elvin Hayes*,1969,NBA
Lou Hudson,1969,NBA
Don Kojis,1969,NBA
Rudy LaRusso,1969,NBA
Jeff Mullins,1969,NBA
Jerry Sloan*,1969,NBA
Dick Van Arsdale,1969,NBA
Jerry West* (1),1969,NBA
Lenny Wilkens*,1969,NBA
Kareem Abdul-Jabbar*,1970,NBA
Billy Cunningham*,1970,NBA
Dave DeBusschere*,1970,NBA
Walt Frazier*,1970,NBA
Hal Greer*,1970,NBA
John Havlicek*,1970,NBA
Gus Johnson*,1970,NBA
Willis Reed*,1970,NBA
Oscar Robertson*,1970,NBA
Flynn Robinson,1970,NBA
Tom Van Arsdale,1970,NBA
Jimmy Walker,1970,NBA
Elgin Baylor*,1970,NBA
Bill Bridges,1970,NBA
Joe Caldwell,1970,NBA
Connie Hawkins*,1970,NBA
Elvin Hayes*,1970,NBA
Lou Hudson,1970,NBA
Jeff Mullins,1970,NBA
Bob Rule,1970,NBA
Nate Thurmond* (1),1970,NBA
Dick Van Arsdale,1970,NBA
Chet Walker*,1970,NBA
Jerry West*,1970,NBA
Lenny Wilkens*,1970,NBA
Billy Cunningham*,1971,NBA
Dave DeBusschere*,1971,NBA
Walt Frazier*,1971,NBA
Johnny Green,1971,NBA
John Havlicek*,1971,NBA
Lou Hudson,1971,NBA
Gus Johnson*,1971,NBA
John Johnson,1971,NBA
Bob Kauffman,1971,NBA
Earl Monroe*,1971,NBA
Willis Reed*,1971,NBA
Wes Unseld*,1971,NBA
Tom Van Arsdale,1971,NBA
Jo Jo White*,1971,NBA
Kareem Abdul-Jabbar*,1971,NBA
Dave Bing*,1971,NBA
Wilt Chamberlain*,1971,NBA
Connie Hawkins*,1971,NBA
Elvin Hayes*,1971,NBA
Bob Love,1971,NBA
Jerry Lucas*,1971,NBA
Jeff Mullins,1971,NBA
Geoff Petrie,1971,NBA
Oscar Robertson*,1971,NBA
Dick Van Arsdale,1971,NBA
Chet Walker*,1971,NBA
Jerry West*,1971,NBA
Lenny Wilkens*,1971,NBA
Butch Beard,1972,NBA
Archie Clark,1972,NBA
Dave Cowens*,1972,NBA
Billy Cunningham*,1972,NBA
Dave DeBusschere*,1972,NBA
Walt Frazier*,1972,NBA
John Havlicek*,1972,NBA
Lou Hudson,1972,NBA
John Johnson,1972,NBA
Bob Kauffman,1972,NBA
Jack Marin,1972,NBA
Wes Unseld*,1972,NBA
Tom Van Arsdale,1972,NBA
Jo Jo White*,1972,NBA
Kareem Abdul-Jabbar*,1972,NBA
Wilt Chamberlain*,1972,NBA
Gail Goodrich*,1972,NBA
Connie Hawkins*,1972,NBA
Elvin Hayes*,1972,NBA
Spencer Haywood*,1972,NBA
Bob Lanier*,1972,NBA
Bob Love,1972,NBA
Oscar Robertson*,1972,NBA
Cazzie Russell,1972,NBA
Paul Silas,1972,NBA
Jimmy Walker,1972,NBA
Jerry West*,1972,NBA
Sidney Wicks,1972,NBA
John Block,1973,NBA
Bill Bradley*,1973,NBA
Dave Cowens*,1973,NBA
Dave DeBusschere*,1973,NBA
Walt Frazier*,1973,NBA
John Havlicek*,1973,NBA
Elvin Hayes*,1973,NBA
Lou Hudson,1973,NBA
Bob Kauffman,1973,NBA
Pete Maravich*,1973,NBA
Jack Marin,1973,NBA
Wes Unseld*,1973,NBA
Jo Jo White*,1973,NBA
Lenny Wilkens*,1973,NBA
Kareem Abdul-Jabbar* (1),1973,NBA
Tiny Archibald*,1973,NBA
Rick Barry* (2),1973,NBA
Dave Bing*,1973,NBA
Wilt Chamberlain*,1973,NBA
Bob Dandridge,1973,NBA
Gail Goodrich*,1973,NBA
Connie Hawkins*,1973,NBA
Spencer Haywood*,1973,NBA
Bob Lanier*,1973,NBA
Bob Love,1973,NBA
Charlie Scott*,1973,NBA
Nate Thurmond*,1973,NBA
Chet Walker*,1973,NBA
Jerry West*,1973,NBA
Sidney Wicks,1973,NBA
Austin Carr,1974,NBA
Phil Chenier,1974,NBA
Dave Cowens*,1974,NBA
Dave DeBusschere*,1974,NBA
Walt Frazier*,1974,NBA
John Havlicek*,1974,NBA
Elvin Hayes*,1974,NBA
Lou Hudson,1974,NBA
Pete Maravich*,1974,NBA
Bob McAdoo*,1974,NBA
Rudy Tomjanovich,1974,NBA
Jo Jo White*,1974,NBA
Kareem Abdul-Jabbar*,1974,NBA
Rick Barry*,1974,NBA
Dave Bing*,1974,NBA
Gail Goodrich*,1974,NBA
Spencer Haywood*,1974,NBA
Bob Lanier*,1974,NBA
Geoff Petrie,1974,NBA
Charlie Scott*,1974,NBA
Nate Thurmond*,1974,NBA
Norm Van Lier,1974,NBA
Chet Walker*,1974,NBA
Jerry West* (1),1974,NBA
Sidney Wicks,1974,NBA
Phil Chenier,1975,NBA
Dave Cowens*,1975,NBA
Walt Frazier*,1975,NBA
John Havlicek*,1975,NBA
Elvin Hayes*,1975,NBA
Bob McAdoo*,1975,NBA
Steve Mix,1975,NBA
Earl Monroe*,1975,NBA
Paul Silas,1975,NBA
Rudy Tomjanovich,1975,NBA
Wes Unseld*,1975,NBA
Jo Jo White*,1975,NBA
Kareem Abdul-Jabbar*,1975,NBA
Tiny Archibald*,1975,NBA
Rick Barry*,1975,NBA
Dave Bing*,1975,NBA
Bob Dandridge,1975,NBA
Gail Goodrich*,1975,NBA
Spencer Haywood*,1975,NBA
Sam Lacey,1975,NBA
Bob Lanier*,1975,NBA
Jim Price,1975,NBA
Charlie Scott*,1975,NBA
Sidney Wicks,1975,NBA
Dave Bing*,1976,NBA
Doug Collins,1976,NBA
Dave Cowens*,1976,NBA
John Drew,1976,NBA
Walt Frazier*,1976,NBA
John Havlicek*,1976,NBA
Elvin Hayes*,1976,NBA
Bob McAdoo*,1976,NBA
George McGinnis*,1976,NBA
Randy Smith,1976,NBA
Rudy Tomjanovich,1976,NBA
Jo Jo White*,1976,NBA
Kareem Abdul-Jabbar*,1976,NBA
Alvan Adams,1976,NBA
Tiny Archibald*,1976,NBA
Rick Barry*,1976,NBA
Fred Brown,1976,NBA
Bob Dandridge,1976,NBA
Curtis Rowe,1976,NBA
Phil Smith,1976,NBA
Norm Van Lier,1976,NBA
Scott Wedman,1976,NBA
Jamaal Wilkes*,1976,NBA
Brian Winters,1976,NBA
Kareem Abdul-Jabbar*,1977,NBA
Rick Barry*,1977,NBA
Don Buse,1977,NBA
Dan Issel*,1977,NBA
Bobby Jones*,1977,NBA
Billy Knight,1977,NBA
Bob Lanier*,1977,NBA
Maurice Lucas,1977,NBA
Phil Smith,1977,NBA
David Thompson*,1977,NBA
Norm Van Lier,1977,NBA
Bill Walton* (1),1977,NBA
Paul Westphal*,1977,NBA
Phil Chenier,1977,NBA
Doug Collins,1977,NBA
Dave Cowens* (2),1977,NBA
Julius Erving*,1977,NBA
George Gervin*,1977,NBA
John Havlicek*,1977,NBA
Elvin Hayes*,1977,NBA
Pete Maravich*,1977,NBA
Bob McAdoo*,1977,NBA
George McGinnis*,1977,NBA
Earl Monroe*,1977,NBA
Rudy Tomjanovich,1977,NBA
Jo Jo White*,1977,NBA
Rick Barry*,1978,NBA
Walter Davis,1978,NBA
Artis Gilmore*,1978,NBA
Lionel Hollins,1978,NBA
Bobby Jones*,1978,NBA
Bob Lanier*,1978,NBA
Maurice Lucas,1978,NBA
David Thompson*,1978,NBA
Bill Walton*,1978,NBA
Paul Westphal*,1978,NBA
Brian Winters,1978,NBA
Doug Collins,1978,NBA
Dave Cowens*,1978,NBA
Julius Erving*,1978,NBA
George Gervin*,1978,NBA
John Havlicek*,1978,NBA
Elvin Hayes*,1978,NBA
Larry Kenon,1978,NBA
Moses Malone*,1978,NBA
Pete Maravich* (1),1978,NBA
Bob McAdoo*,1978,NBA
Truck Robinson,1978,NBA
Randy Smith,1978,NBA
Kareem Abdul-Jabbar*,1979,NBA
Otis Birdsong,1979,NBA
Walter Davis,1979,NBA
Artis Gilmore*,1979,NBA
Dennis Johnson*,1979,NBA
Marques Johnson,1979,NBA
Maurice Lucas,1979,NBA
George McGinnis*,1979,NBA
Jack Sikma*,1979,NBA
David Thompson*,1979,NBA
Paul Westphal*,1979,NBA
Doug Collins (1),1979,NBA
Bob Dandridge,1979,NBA
Julius Erving*,1979,NBA
George Gervin*,1979,NBA
Elvin Hayes*,1979,NBA
Larry Kenon,1979,NBA
Bob Lanier*,1979,NBA
Moses Malone*,1979,NBA
Pete Maravich*,1979,NBA
Calvin Murphy*,1979,NBA
Campy Russell,1979,NBA
Rudy Tomjanovich,1979,NBA
Kareem Abdul-Jabbar*,1980,NBA
Otis Birdsong,1980,NBA
Adrian Dantley*,1980,NBA
Walter Davis,1980,NBA
World B. Free,1980,NBA
Dennis Johnson*,1980,NBA
Marques Johnson,1980,NBA
Magic Johnson*,1980,NBA
Jack Sikma*,1980,NBA
Kermit Washington,1980,NBA
Scott Wedman (1),1980,NBA
Paul Westphal*,1980,NBA
Tiny Archibald*,1980,NBA
Larry Bird*,1980,NBA
Bill Cartwright,1980,NBA
Dave Cowens* (2),1980,NBA
John Drew,1980,NBA
Julius Erving*,1980,NBA
George Gervin*,1980,NBA
Elvin Hayes*,1980,NBA
Eddie Johnson,1980,NBA
Moses Malone*,1980,NBA
Micheal Ray Richardson,1980,NBA
Dan Roundfield,1980,NBA
Kareem Abdul-Jabbar*,1981,NBA
Otis Birdsong,1981,NBA
Adrian Dantley*,1981,NBA
Walter Davis,1981,NBA
George Gervin*,1981,NBA
Dennis Johnson*,1981,NBA
Moses Malone*,1981,NBA
Truck Robinson,1981,NBA
Jack Sikma*,1981,NBA
Paul Westphal*,1981,NBA
Jamaal Wilkes*,1981,NBA
Tiny Archibald*,1981,NBA
Larry Bird*,1981,NBA
Julius Erving*,1981,NBA
Artis Gilmore*,1981,NBA
Eddie Johnson,1981,NBA
Marques Johnson,1981,NBA
Bobby Jones*,1981,NBA
Mike Mitchell,1981,NBA
Robert Parish*,1981,NBA
Micheal Ray Richardson,1981,NBA
Dan Roundfield (1),1981,NBA
Reggie Theus,1981,NBA
Kareem Abdul-Jabbar*,1982,NBA
Adrian Dantley*,1982,NBA
Alex English*,1982,NBA
George Gervin*,1982,NBA
Dennis Johnson*,1982,NBA
Magic Johnson*,1982,NBA
Bernard King*,1982,NBA
Moses Malone*,1982,NBA
Norm Nixon,1982,NBA
Lonnie Shelton,1982,NBA
Jack Sikma*,1982,NBA
Gus Williams,1982,NBA
Tiny Archibald*,1982,NBA
Larry Bird*,1982,NBA
Julius Erving*,1982,NBA
Artis Gilmore*,1982,NBA
Bobby Jones*,1982,NBA
Bob Lanier*,1982,NBA
Sidney Moncrief*,1982,NBA
Robert Parish*,1982,NBA
Micheal Ray Richardson,1982,NBA
Dan Roundfield (1),1982,NBA
Isiah Thomas*,1982,NBA
Kelly Tripucka,1982,NBA
Buck Williams,1982,NBA
Kareem Abdul-Jabbar*,1983,NBA
Alex English*,1983,NBA
George Gervin*,1983,NBA
Artis Gilmore*,1983,NBA
Magic Johnson*,1983,NBA
Maurice Lucas,1983,NBA
Jim Paxson,1983,NBA
Jack Sikma*,1983,NBA
David Thompson*,1983,NBA
Kiki Vandeweghe,1983,NBA
Jamaal Wilkes*,1983,NBA
Gus Williams,1983,NBA
Larry Bird*,1983,NBA
Maurice Cheeks*,1983,NBA
Julius Erving*,1983,NBA
Marques Johnson,1983,NBA
Bill Laimbeer,1983,NBA
Moses Malone*,1983,NBA
Sidney Moncrief*,1983,NBA
Robert Parish*,1983,NBA
Reggie Theus,1983,NBA
Isiah Thomas*,1983,NBA
Andrew Toney,1983,NBA
Buck Williams,1983,NBA
Kareem Abdul-Jabbar*,1984,NBA
Mark Aguirre,1984,NBA
Adrian Dantley*,1984,NBA
Walter Davis,1984,NBA
Alex English*,1984,NBA
George Gervin*,1984,NBA
Rickey Green,1984,NBA
Magic Johnson*,1984,NBA
Jim Paxson,1984,NBA
Ralph Sampson*,1984,NBA
Jack Sikma*,1984,NBA
Kiki Vandeweghe,1984,NBA
Larry Bird*,1984,NBA
Otis Birdsong,1984,NBA
Julius Erving*,1984,NBA
Bernard King*,1984,NBA
Bill Laimbeer,1984,NBA
Moses Malone* (1),1984,NBA
Kevin McHale*,1984,NBA
Sidney Moncrief*,1984,NBA
Robert Parish*,1984,NBA
Jeff Ruland,1984,NBA
Isiah Thomas*,1984,NBA
Andrew Toney,1984,NBA
Kelly Tripucka,1984,NBA
Kareem Abdul-Jabbar*,1985,NBA
Rolando Blackman,1985,NBA
Adrian Dantley*,1985,NBA
Alex English*,1985,NBA
George Gervin*,1985,NBA
Magic Johnson*,1985,NBA
Larry Nance,1985,NBA
Calvin Natt,1985,NBA
Norm Nixon,1985,NBA
Hakeem Olajuwon*,1985,NBA
Ralph Sampson*,1985,NBA
Jack Sikma*,1985,NBA
Larry Bird*,1985,NBA
Terry Cummings,1985,NBA
Julius Erving*,1985,NBA
Dennis Johnson*,1985,NBA
Michael Jordan*,1985,NBA
Bernard King*,1985,NBA
Bill Laimbeer,1985,NBA
Moses Malone*,1985,NBA
Sidney Moncrief*,1985,NBA
Robert Parish*,1985,NBA
Micheal Ray Richardson,1985,NBA
Jeff Ruland (1),1985,NBA
Isiah Thomas*,1985,NBA
Kareem Abdul-Jabbar*,1986,NBA
Rolando Blackman,1986,NBA
Adrian Dantley*,1986,NBA
Clyde Drexler*,1986,NBA
Alex English*,1986,NBA
Artis Gilmore*,1986,NBA
Marques Johnson,1986,NBA
Magic Johnson*,1986,NBA
Hakeem Olajuwon*,1986,NBA
Alvin Robertson,1986,NBA
Ralph Sampson*,1986,NBA
James Worthy*,1986,NBA
Larry Bird*,1986,NBA
Maurice Cheeks*,1986,NBA
Julius Erving*,1986,NBA
Patrick Ewing* (1),1986,NBA
Michael Jordan* (2),1986,NBA
Jeff Malone,1986,NBA
Moses Malone*,1986,NBA
Kevin McHale*,1986,NBA
Sidney Moncrief*,1986,NBA
Robert Parish*,1986,NBA
Isiah Thomas*,1986,NBA
Dominique Wilkins*,1986,NBA
Buck Williams,1986,NBA
Kareem Abdul-Jabbar*,1987,NBA
Mark Aguirre,1987,NBA
Rolando Blackman,1987,NBA
Joe Barry Carroll,1987,NBA
Tom Chambers,1987,NBA
Walter Davis,1987,NBA
Alex English*,1987,NBA
Sleepy Floyd,1987,NBA
Magic Johnson*,1987,NBA
Hakeem Olajuwon*,1987,NBA
Alvin Robertson,1987,NBA
Ralph Sampson* (1),1987,NBA
James Worthy*,1987,NBA
Charles Barkley*,1987,NBA
Larry Bird*,1987,NBA
Maurice Cheeks*,1987,NBA
Julius Erving*,1987,NBA
Michael Jordan*,1987,NBA
Bill Laimbeer,1987,NBA
Jeff Malone,1987,NBA
Moses Malone*,1987,NBA
Kevin McHale*,1987,NBA
Robert Parish*,1987,NBA
Isiah Thomas*,1987,NBA
Dominique Wilkins*,1987,NBA
Kareem Abdul-Jabbar*,1988,NBA
Mark Aguirre,1988,NBA
James Donaldson,1988,NBA
Clyde Drexler*,1988,NBA
Alex English*,1988,NBA
Magic Johnson*,1988,NBA
Steve Johnson (1),1988,NBA
Fat Lever,1988,NBA
Karl Malone*,1988,NBA
Xavier McDaniel,1988,NBA
Hakeem Olajuwon*,1988,NBA
Alvin Robertson,1988,NBA
James Worthy*,1988,NBA
Danny Ainge,1988,NBA
Charles Barkley*,1988,NBA
Larry Bird*,1988,NBA
Maurice Cheeks*,1988,NBA
Brad Daugherty,1988,NBA
Patrick Ewing*,1988,NBA
Michael Jordan*,1988,NBA
Moses Malone*,1988,NBA
Kevin McHale*,1988,NBA
Doc Rivers,1988,NBA
Isiah Thomas*,1988,NBA
Dominique Wilkins*,1988,NBA
Kareem Abdul-Jabbar*,1989,NBA
Tom Chambers,1989,NBA
Clyde Drexler*,1989,NBA
Kevin Duckworth,1989,NBA
Mark Eaton,1989,NBA
Dale Ellis,1989,NBA
Alex English*,1989,NBA
Magic Johnson* (1),1989,NBA
Karl Malone*,1989,NBA
Chris Mullin*,1989,NBA
Hakeem Olajuwon*,1989,NBA
John Stockton*,1989,NBA
James Worthy*,1989,NBA
Charles Barkley*,1989,NBA
Terry Cummings,1989,NBA
Brad Daugherty,1989,NBA
Patrick Ewing*,1989,NBA
Mark Jackson,1989,NBA
Michael Jordan*,1989,NBA
Moses Malone*,1989,NBA
Kevin McHale*,1989,NBA
Larry Nance,1989,NBA
Mark Price,1989,NBA
Isiah Thomas*,1989,NBA
Dominique Wilkins*,1989,NBA
Charles Barkley*,1990,NBA
Larry Bird*,1990,NBA
Joe Dumars*,1990,NBA
Patrick Ewing*,1990,NBA
Michael Jordan*,1990,NBA
Kevin McHale*,1990,NBA
Reggie Miller*,1990,NBA
Robert Parish*,1990,NBA
Scottie Pippen*,1990,NBA
Dennis Rodman*,1990,NBA
Isiah Thomas*,1990,NBA
Dominique Wilkins*,1990,NBA
Rolando Blackman,1990,NBA
Tom Chambers,1990,NBA
Clyde Drexler*,1990,NBA
A.C. Green,1990,NBA
Kevin Johnson,1990,NBA
Magic Johnson*,1990,NBA
Fat Lever,1990,NBA
Karl Malone* (1),1990,NBA
Chris Mullin*,1990,NBA
Hakeem Olajuwon*,1990,NBA
David Robinson*,1990,NBA
John Stockton*,1990,NBA
James Worthy*,1990,NBA
Charles Barkley*,1991,NBA
Larry Bird* (1),1991,NBA
Brad Daugherty,1991,NBA
Joe Dumars*,1991,NBA
Patrick Ewing*,1991,NBA
Hersey Hawkins,1991,NBA
Michael Jordan*,1991,NBA
Bernard King*,1991,NBA
Kevin McHale*,1991,NBA
Robert Parish*,1991,NBA
Ricky Pierce,1991,NBA
Alvin Robertson,1991,NBA
Isiah Thomas* (2),1991,NBA
Dominique Wilkins*,1991,NBA
Tom Chambers,1991,NBA
Clyde Drexler*,1991,NBA
Kevin Duckworth,1991,NBA
Tim Hardaway,1991,NBA
Kevin Johnson,1991,NBA
Magic Johnson*,1991,NBA
Karl Malone*,1991,NBA
Chris Mullin*,1991,NBA
Terry Porter,1991,NBA
David Robinson*,1991,NBA
John Stockton*,1991,NBA
James Worthy*,1991,NBA
Michael Adams,1992,NBA
Charles Barkley*,1992,NBA
Larry Bird* (1),1992,NBA
Brad Daugherty,1992,NBA
Joe Dumars*,1992,NBA
Patrick Ewing*,1992,NBA
Michael Jordan*,1992,NBA
Reggie Lewis,1992,NBA
Scottie Pippen*,1992,NBA
Mark Price,1992,NBA
Dennis Rodman*,1992,NBA
Isiah Thomas*,1992,NBA
Dominique Wilkins* (2),1992,NBA
Kevin Willis,1992,NBA
Clyde Drexler*,1992,NBA
Tim Hardaway,1992,NBA
Jeff Hornacek,1992,NBA
Magic Johnson*,1992,NBA
Dan Majerle,1992,NBA
Karl Malone*,1992,NBA
Chris Mullin*,1992,NBA
Dikembe Mutombo*,1992,NBA
Hakeem Olajuwon*,1992,NBA
David Robinson*,1992,NBA
John Stockton*,1992,NBA
Otis Thorpe,1992,NBA
James Worthy*,1992,NBA
Charles Barkley*,1993,NBA
Clyde Drexler*,1993,NBA
Sean Elliott,1993,NBA
Tim Hardaway,1993,NBA
Shawn Kemp,1993,NBA
Dan Majerle,1993,NBA
Karl Malone*,1993,NBA
Danny Manning,1993,NBA
Chris Mullin* (1),1993,NBA
Hakeem Olajuwon*,1993,NBA
Terry Porter,1993,NBA
Mitch Richmond* (2),1993,NBA
David Robinson*,1993,NBA
John Stockton*,1993,NBA
Brad Daugherty,1993,NBA
Joe Dumars*,1993,NBA
Patrick Ewing*,1993,NBA
Larry Johnson,1993,NBA
Michael Jordan*,1993,NBA
Larry Nance,1993,NBA
Shaquille O'Neal*,1993,NBA
Scottie Pippen*,1993,NBA
Mark Price,1993,NBA
Detlef Schrempf,1993,NBA
Isiah Thomas*,1993,NBA
Dominique Wilkins*,1993,NBA
Kenny Anderson,1994,NBA
B.J. Armstrong,1994,NBA
Mookie Blaylock,1994,NBA
Derrick Coleman,1994,NBA
Patrick Ewing*,1994,NBA
Horace Grant,1994,NBA
Alonzo Mourning* (1),1994,NBA
Charles Oakley,1994,NBA
Shaquille O'Neal*,1994,NBA
Scottie Pippen*,1994,NBA
Mark Price,1994,NBA
John Starks,1994,NBA
Dominique Wilkins*,1994,NBA
Charles Barkley* (2),1994,NBA
Clyde Drexler*,1994,NBA
Kevin Johnson,1994,NBA
Shawn Kemp,1994,NBA
Karl Malone*,1994,NBA
Danny Manning,1994,NBA
Hakeem Olajuwon*,1994,NBA
Gary Payton*,1994,NBA
Mitch Richmond*,1994,NBA
Clifford Robinson,1994,NBA
David Robinson*,1994,NBA
Latrell Sprewell,1994,NBA
John Stockton*,1994,NBA
Vin Baker,1995,NBA
Dana Barros,1995,NBA
Joe Dumars*,1995,NBA
Patrick Ewing*,1995,NBA
Anfernee Hardaway,1995,NBA
Grant Hill*,1995,NBA
Tyrone Hill,1995,NBA
Larry Johnson,1995,NBA
Reggie Miller*,1995,NBA
Alonzo Mourning*,1995,NBA
Shaquille O'Neal*,1995,NBA
Scottie Pippen*,1995,NBA
Charles Barkley*,1995,NBA
Cedric Ceballos (1),1995,NBA
Shawn Kemp,1995,NBA
Dan Majerle,1995,NBA
Karl Malone*,1995,NBA
Dikembe Mutombo*,1995,NBA
Hakeem Olajuwon*,1995,NBA
Gary Payton*,1995,NBA
Mitch Richmond*,1995,NBA
David Robinson*,1995,NBA
Detlef Schrempf,1995,NBA
Latrell Sprewell,1995,NBA
John Stockton*,1995,NBA
Vin Baker,1996,NBA
Terrell Brandon,1996,NBA
Patrick Ewing*,1996,NBA
Anfernee Hardaway,1996,NBA
Grant Hill*,1996,NBA
Juwan Howard,1996,NBA
Michael Jordan*,1996,NBA
Reggie Miller*,1996,NBA
Alonzo Mourning*,1996,NBA
Shaquille O'Neal*,1996,NBA
Scottie Pippen*,1996,NBA
Glen Rice,1996,NBA
Charles Barkley*,1996,NBA
Clyde Drexler*,1996,NBA
Sean Elliott,1996,NBA
Shawn Kemp,1996,NBA
Jason Kidd*,1996,NBA
Karl Malone*,1996,NBA
Dikembe Mutombo*,1996,NBA
Hakeem Olajuwon*,1996,NBA
Gary Payton*,1996,NBA
Mitch Richmond*,1996,NBA
David Robinson*,1996,NBA
John Stockton*,1996,NBA
Vin Baker,1997,NBA
Terrell Brandon,1997,NBA
Joe Dumars*,1997,NBA
Patrick Ewing* (1),1997,NBA
Anfernee Hardaway,1997,NBA
Tim Hardaway,1997,NBA
Grant Hill*,1997,NBA
Michael Jordan*,1997,NBA
Christian Laettner,1997,NBA
Alonzo Mourning* (2),1997,NBA
Dikembe Mutombo*,1997,NBA
Scottie Pippen*,1997,NBA
Glen Rice,1997,NBA
Chris Webber,1997,NBA
Charles Barkley* (3),1997,NBA
Clyde Drexler* (4),1997,NBA
Kevin Garnett,1997,NBA
Chris Gatling,1997,NBA
Tom Gugliotta,1997,NBA
Eddie Jones,1997,NBA
Shawn Kemp,1997,NBA
Karl Malone*,1997,NBA
Hakeem Olajuwon*,1997,NBA
Shaquille O'Neal* (5),1997,NBA
Gary Payton*,1997,NBA
Mitch Richmond*,1997,NBA
Detlef Schrempf,1997,NBA
Latrell Sprewell,1997,NBA
John Stockton*,1997,NBA
Vin Baker,1998,NBA
Kobe Bryant,1998,NBA
Tim Duncan,1998,NBA
Kevin Garnett,1998,NBA
Eddie Jones,1998,NBA
Jason Kidd*,1998,NBA
Karl Malone*,1998,NBA
Shaquille O'Neal*,1998,NBA
Gary Payton*,1998,NBA
Mitch Richmond*,1998,NBA
David Robinson*,1998,NBA
Nick Van Exel,1998,NBA
Anfernee Hardaway,1998,NBA
Tim Hardaway,1998,NBA
Grant Hill*,1998,NBA
Michael Jordan*,1998,NBA
Shawn Kemp,1998,NBA
Reggie Miller*,1998,NBA
Dikembe Mutombo*,1998,NBA
Glen Rice,1998,NBA
Steve Smith,1998,NBA
Rik Smits,1998,NBA
Antoine Walker,1998,NBA
Jayson Williams,1998,NBA
Ray Allen*,2000,NBA
Vince Carter,2000,NBA
Dale Davis,2000,NBA
Grant Hill*,2000,NBA
Allan Houston,2000,NBA
Allen Iverson*,2000,NBA
Eddie Jones,2000,NBA
Reggie Miller*,2000,NBA
Alonzo Mourning*,2000,NBA
Dikembe Mutombo*,2000,NBA
Glenn Robinson,2000,NBA
Jerry Stackhouse,2000,NBA
Kobe Bryant,2000,NBA
Tim Duncan,2000,NBA
Michael Finley,2000,NBA
Kevin Garnett,2000,NBA
Jason Kidd*,2000,NBA
Karl Malone*,2000,NBA
Shaquille O'Neal*,2000,NBA
Gary Payton*,2000,NBA
David Robinson*,2000,NBA
John Stockton*,2000,NBA
Rasheed Wallace,2000,NBA
Chris Webber,2000,NBA
Ray Allen*,2001,NBA
Vince Carter,2001,NBA
Antonio Davis,2001,NBA
Grant Hill* (1),2001,NBA
Allan Houston,2001,NBA
Allen Iverson*,2001,NBA
Stephon Marbury,2001,NBA
Anthony Mason,2001,NBA
Tracy McGrady*,2001,NBA
Alonzo Mourning* (2),2001,NBA
Dikembe Mutombo*,2001,NBA
Theo Ratliff (3),2001,NBA
Glenn Robinson,2001,NBA
Latrell Sprewell,2001,NBA
Jerry Stackhouse,2001,NBA
Kobe Bryant,2001,NBA
Vlade Divac*,2001,NBA
Tim Duncan,2001,NBA
Michael Finley,2001,NBA
Kevin Garnett,2001,NBA
Jason Kidd*,2001,NBA
Karl Malone*,2001,NBA
Antonio McDyess,2001,NBA
Shaquille O'Neal* (4),2001,NBA
Gary Payton*,2001,NBA
David Robinson*,2001,NBA
Rasheed Wallace,2001,NBA
Chris Webber,2001,NBA
Shareef Abdur-Rahim,2002,NBA
Ray Allen*,2002,NBA
Vince Carter (1),2002,NBA
Baron Davis,2002,NBA
Allen Iverson*,2002,NBA
Michael Jordan*,2002,NBA
Jason Kidd*,2002,NBA
Tracy McGrady*,2002,NBA
Alonzo Mourning*,2002,NBA
Dikembe Mutombo*,2002,NBA
Jermaine O'Neal,2002,NBA
Paul Pierce,2002,NBA
Antoine Walker,2002,NBA
Elton Brand,2002,NBA
Kobe Bryant,2002,NBA
Tim Duncan,2002,NBA
Steve Francis,2002,NBA
Kevin Garnett,2002,NBA
Karl Malone* (2),2002,NBA
Steve Nash*,2002,NBA
Dirk Nowitzki,2002,NBA
Shaquille O'Neal* (3),2002,NBA
Gary Payton*,2002,NBA
Peja Stojaković,2002,NBA
Wally Szczerbiak,2002,NBA
Chris Webber,2002,NBA
Kobe Bryant,2003,NBA
Tim Duncan,2003,NBA
Steve Francis,2003,NBA
Kevin Garnett,2003,NBA
Stephon Marbury,2003,NBA
Shawn Marion,2003,NBA
Yao Ming*,2003,NBA
Steve Nash*,2003,NBA
Dirk Nowitzki,2003,NBA
Shaquille O'Neal*,2003,NBA
Gary Payton*,2003,NBA
Peja Stojaković,2003,NBA
Chris Webber (1),2003,NBA
Vince Carter,2003,NBA
Zydrunas Ilgauskas,2003,NBA
Allen Iverson*,2003,NBA
Michael Jordan*,2003,NBA
Jason Kidd*,2003,NBA
Jamal Mashburn,2003,NBA
Tracy McGrady*,2003,NBA
Brad Miller,2003,NBA
Jermaine O'Neal,2003,NBA
Paul Pierce,2003,NBA
Antoine Walker,2003,NBA
Ben Wallace,2003,NBA
Ray Allen*,2004,NBA
Kobe Bryant,2004,NBA
Sam Cassell,2004,NBA
Tim Duncan,2004,NBA
Steve Francis,2004,NBA
Kevin Garnett,2004,NBA
Andrei Kirilenko,2004,NBA
Brad Miller,2004,NBA
Yao Ming*,2004,NBA
Dirk Nowitzki,2004,NBA
Shaquille O'Neal*,2004,NBA
Peja Stojaković,2004,NBA
Metta World Peace,2004,NBA
Vince Carter,2004,NBA
Baron Davis,2004,NBA
Allen Iverson*,2004,NBA
Jason Kidd*,2004,NBA
Jamaal Magloire,2004,NBA
Kenyon Martin,2004,NBA
Tracy McGrady*,2004,NBA
Jermaine O'Neal,2004,NBA
Paul Pierce,2004,NBA
Michael Redd,2004,NBA
Ben Wallace,2004,NBA
Ray Allen*,2005,NBA
Kobe Bryant,2005,NBA
Tim Duncan,2005,NBA
Kevin Garnett,2005,NBA
Manu Ginóbili,2005,NBA
Rashard Lewis,2005,NBA
Shawn Marion,2005,NBA
Tracy McGrady*,2005,NBA
Yao Ming*,2005,NBA
Steve Nash*,2005,NBA
Dirk Nowitzki,2005,NBA
Amar'e Stoudemire,2005,NBA
Gilbert Arenas,2005,NBA
Vince Carter,2005,NBA
Grant Hill*,2005,NBA
Zydrunas Ilgauskas,2005,NBA
Allen Iverson*,2005,NBA
LeBron James,2005,NBA
Antawn Jamison,2005,NBA
Jermaine O'Neal,2005,NBA
Shaquille O'Neal*,2005,NBA
Paul Pierce,2005,NBA
Dwyane Wade,2005,NBA
Ben Wallace,2005,NBA
Ray Allen*,2006,NBA
Elton Brand,2006,NBA
Kobe Bryant,2006,NBA
Tim Duncan,2006,NBA
Kevin Garnett,2006,NBA
Pau Gasol,2006,NBA
Shawn Marion,2006,NBA
Tracy McGrady*,2006,NBA
Yao Ming*,2006,NBA
Steve Nash*,2006,NBA
Dirk Nowitzki,2006,NBA
Tony Parker,2006,NBA
Gilbert Arenas,2006,NBA
Chauncey Billups,2006,NBA
Chris Bosh,2006,NBA
Vince Carter,2006,NBA
Richard Hamilton,2006,NBA
Allen Iverson*,2006,NBA
LeBron James,2006,NBA
Jermaine O'Neal (1),2006,NBA
Shaquille O'Neal*,2006,NBA
Paul Pierce,2006,NBA
Dwyane Wade,2006,NBA
Ben Wallace,2006,NBA
Rasheed Wallace,2006,NBA
Ray Allen*,2007,NBA
Carmelo Anthony,2007,NBA
Carlos Boozer (1),2007,NBA
Kobe Bryant,2007,NBA
Tim Duncan,2007,NBA
Kevin Garnett,2007,NBA
Josh Howard,2007,NBA
Allen Iverson* (2),2007,NBA
Shawn Marion,2007,NBA
Tracy McGrady*,2007,NBA
Yao Ming* (3),2007,NBA
Steve Nash* (4),2007,NBA
Dirk Nowitzki,2007,NBA
Mehmet Okur,2007,NBA
Tony Parker,2007,NBA
Amar'e Stoudemire,2007,NBA
Gilbert Arenas,2007,NBA
Chauncey Billups,2007,NBA
Chris Bosh,2007,NBA
Caron Butler,2007,NBA
Vince Carter,2007,NBA
Richard Hamilton,2007,NBA
Dwight Howard,2007,NBA
LeBron James,2007,NBA
Joe Johnson,2007,NBA
Jason Kidd* (5),2007,NBA
Jermaine O'Neal,2007,NBA
Shaquille O'Neal*,2007,NBA
Dwyane Wade,2007,NBA
Ray Allen*,2008,NBA
Chauncey Billups,2008,NBA
Chris Bosh,2008,NBA
Caron Butler (1),2008,NBA
Kevin Garnett (2),2008,NBA
Richard Hamilton,2008,NBA
Dwight Howard,2008,NBA
LeBron James,2008,NBA
Antawn Jamison,2008,NBA
Joe Johnson,2008,NBA
Jason Kidd*,2008,NBA
Paul Pierce,2008,NBA
Dwyane Wade,2008,NBA
Rasheed Wallace,2008,NBA
Carmelo Anthony,2008,NBA
Carlos Boozer,2008,NBA
Kobe Bryant,2008,NBA
Tim Duncan,2008,NBA
Allen Iverson*,2008,NBA
Yao Ming*,2008,NBA
Steve Nash*,2008,NBA
Dirk Nowitzki,2008,NBA
Chris Paul,2008,NBA
Brandon Roy,2008,NBA
Amar'e Stoudemire,2008,NBA
David West,2008,NBA
Ray Allen*,2009,NBA
Chris Bosh (1),2009,NBA
Kevin Garnett,2009,NBA
Danny Granger,2009,NBA
Devin Harris,2009,NBA
Dwight Howard,2009,NBA
Allen Iverson*,2009,NBA
LeBron James,2009,NBA
Joe Johnson,2009,NBA
Rashard Lewis,2009,NBA
Jameer Nelson (2),2009,NBA
Paul Pierce,2009,NBA
Dwyane Wade,2009,NBA
Mo Williams,2009,NBA
Chauncey Billups,2009,NBA
Kobe Bryant,2009,NBA
Tim Duncan,2009,NBA
Pau Gasol,2009,NBA
Yao Ming*,2009,NBA
Dirk Nowitzki,2009,NBA
Shaquille O'Neal*,2009,NBA
Tony Parker,2009,NBA
Chris Paul,2009,NBA
Brandon Roy,2009,NBA
Amar'e Stoudemire,2009,NBA
David West,2009,NBA
Carmelo Anthony,2010,NBA
Chauncey Billups,2010,NBA
Kobe Bryant (1),2010,NBA
Tim Duncan,2010,NBA
Kevin Durant,2010,NBA
Pau Gasol,2010,NBA
Chris Kaman,2010,NBA
Jason Kidd*,2010,NBA
Steve Nash*,2010,NBA
Dirk Nowitzki,2010,NBA
Chris Paul (2),2010,NBA
Zach Randolph,2010,NBA
Brandon Roy (3),2010,NBA
Amar'e Stoudemire,2010,NBA
Deron Williams,2010,NBA
Chris Bosh,2010,NBA
Kevin Garnett,2010,NBA
Al Horford,2010,NBA
Dwight Howard,2010,NBA
Allen Iverson* (4),2010,NBA
LeBron James,2010,NBA
Joe Johnson,2010,NBA
David Lee,2010,NBA
Paul Pierce,2010,NBA
Rajon Rondo,2010,NBA
Derrick Rose,2010,NBA
Dwyane Wade,2010,NBA
Gerald Wallace,2010,NBA
Ray Allen*,2011,NBA
Chris Bosh,2011,NBA
Kevin Garnett,2011,NBA
Al Horford,2011,NBA
Dwight Howard,2011,NBA
LeBron James,2011,NBA
Joe Johnson,2011,NBA
Paul Pierce,2011,NBA
Rajon Rondo,2011,NBA
Derrick Rose,2011,NBA
Amar'e Stoudemire,2011,NBA
Dwyane Wade,2011,NBA
Carmelo Anthony,2011,NBA
Kobe Bryant,2011,NBA
Tim Duncan,2011,NBA
Kevin Durant,2011,NBA
Pau Gasol,2011,NBA
Manu Ginóbili,2011,NBA
Blake Griffin,2011,NBA
Kevin Love,2011,NBA
Yao Ming* (1),2011,NBA
Dirk Nowitzki,2011,NBA
Chris Paul,2011,NBA
Russell Westbrook,2011,NBA
Deron Williams,2011,NBA
LaMarcus Aldridge,2012,NBA
Kobe Bryant,2012,NBA
Andrew Bynum,2012,NBA
Kevin Durant,2012,NBA
Marc Gasol,2012,NBA
Blake Griffin,2012,NBA
Kevin Love,2012,NBA
Steve Nash*,2012,NBA
Dirk Nowitzki,2012,NBA
Tony Parker,2012,NBA
Chris Paul,2012,NBA
Russell Westbrook,2012,NBA
Carmelo Anthony,2012,NBA
Chris Bosh,2012,NBA
Luol Deng,2012,NBA
Roy Hibbert,2012,NBA
Dwight Howard,2012,NBA
Andre Iguodala,2012,NBA
LeBron James,2012,NBA
Joe Johnson (1),2012,NBA
Paul Pierce,2012,NBA
Rajon Rondo,2012,NBA
Derrick Rose,2012,NBA
Dwyane Wade,2012,NBA
Deron Williams,2012,NBA
LaMarcus Aldridge,2013,NBA
Kobe Bryant,2013,NBA
Tim Duncan,2013,NBA
Kevin Durant,2013,NBA
Blake Griffin,2013,NBA
James Harden,2013,NBA
Dwight Howard,2013,NBA
David Lee,2013,NBA
Tony Parker,2013,NBA
Chris Paul,2013,NBA
Zach Randolph,2013,NBA
Russell Westbrook,2013,NBA
Carmelo Anthony,2013,NBA
Chris Bosh,2013,NBA
Tyson Chandler,2013,NBA
Luol Deng,2013,NBA
Kevin Garnett,2013,NBA
Paul George,2013,NBA
Jrue Holiday,2013,NBA
Kyrie Irving,2013,NBA
LeBron James,2013,NBA
Brook Lopez,2013,NBA
Joakim Noah,2013,NBA
Rajon Rondo (1),2013,NBA
Dwyane Wade,2013,NBA
LaMarcus Aldridge,2014,NBA
Kobe Bryant (1),2014,NBA
Stephen Curry,2014,NBA
Anthony Davis,2014,NBA
Kevin Durant,2014,NBA
Blake Griffin,2014,NBA
James Harden,2014,NBA
Dwight Howard,2014,NBA
Damian Lillard,2014,NBA
Kevin Love,2014,NBA
Dirk Nowitzki,2014,NBA
Tony Parker,2014,NBA
Chris Paul,2014,NBA
Carmelo Anthony,2014,NBA
Chris Bosh,2014,NBA
DeMar DeRozan,2014,NBA
Paul George,2014,NBA
Roy Hibbert,2014,NBA
Kyrie Irving,2014,NBA
LeBron James,2014,NBA
Joe Johnson,2014,NBA
Paul Millsap,2014,NBA
Joakim Noah,2014,NBA
Dwyane Wade,2014,NBA
John Wall,2014,NBA
LaMarcus Aldridge,2015,NBA
Kobe Bryant,2015,NBA
DeMarcus Cousins,2015,NBA
Stephen Curry,2015,NBA
Anthony Davis,2015,NBA
Tim Duncan,2015,NBA
Kevin Durant,2015,NBA
Marc Gasol,2015,NBA
Blake Griffin,2015,NBA
James Harden,2015,NBA
Damian Lillard,2015,NBA
Dirk Nowitzki,2015,NBA
Chris Paul,2015,NBA
Klay Thompson,2015,NBA
Russell Westbrook,2015,NBA
Carmelo Anthony,2015,NBA
Chris Bosh,2015,NBA
Jimmy Butler,2015,NBA
Pau Gasol,2015,NBA
Al Horford,2015,NBA
Kyrie Irving,2015,NBA
LeBron James,2015,NBA
Kyle Korver,2015,NBA
Kyle Lowry,2015,NBA
Paul Millsap,2015,NBA
Jeff Teague,2015,NBA
Dwyane Wade,2015,NBA
John Wall,2015,NBA
LaMarcus Aldridge,2016,NBA
Kobe Bryant,2016,NBA
DeMarcus Cousins,2016,NBA
Stephen Curry,2016,NBA
Anthony Davis,2016,NBA
Kevin Durant,2016,NBA
Draymond Green,2016,NBA
James Harden,2016,NBA
Kawhi Leonard,2016,NBA
Chris Paul,2016,NBA
Klay Thompson,2016,NBA
Russell Westbrook,2016,NBA
Carmelo Anthony,2016,NBA
Chris Bosh (1),2016,NBA
Jimmy Butler (2),2016,NBA
DeMar DeRozan,2016,NBA
Andre Drummond,2016,NBA
Pau Gasol,2016,NBA
Paul George,2016,NBA
Al Horford,2016,NBA
LeBron James,2016,NBA
Kyle Lowry,2016,NBA
Paul Millsap,2016,NBA
Isaiah Thomas,2016,NBA
Dwyane Wade,2016,NBA
John Wall,2016,NBA
Giannis Antetokounmpo,2017,NBA
Carmelo Anthony,2017,NBA
Jimmy Butler,2017,NBA
DeMar DeRozan,2017,NBA
Paul George,2017,NBA
Kyrie Irving,2017,NBA
LeBron James,2017,NBA
Kevin Love (1),2017,NBA
Kyle Lowry,2017,NBA
Paul Millsap,2017,NBA
Isaiah Thomas,2017,NBA
Kemba Walker,2017,NBA
John Wall,2017,NBA
DeMarcus Cousins,2017,NBA
Stephen Curry,2017,NBA
Anthony Davis,2017,NBA
Kevin Durant,2017,NBA
Marc Gasol,2017,NBA
Draymond Green,2017,NBA
James Harden,2017,NBA
Gordon Hayward,2017,NBA
DeAndre Jordan,2017,NBA
Kawhi Leonard,2017,NBA
Klay Thompson,2017,NBA
Russell Westbrook,2017,NBA
LaMarcus Aldridge,2018,NBA
Bradley Beal,2018,NBA
DeMarcus Cousins (1),2018,NBA
Anthony Davis,2018,NBA
Goran Dragić,2018,NBA
Andre Drummond,2018,NBA
Kevin Durant,2018,NBA
Paul George,2018,NBA
Kyrie Irving,2018,NBA
LeBron James,2018,NBA
Kevin Love (2),2018,NBA
Victor Oladipo,2018,NBA
Kristaps Porziņģis (3),2018,NBA
Kemba Walker,2018,NBA
John Wall (4),2018,NBA
Russell Westbrook,2018,NBA
Giannis Antetokounmpo,2018,NBA
Jimmy Butler (5),2018,NBA
Stephen Curry,2018,NBA
DeMar DeRozan,2018,NBA
Joel Embiid,2018,NBA
Draymond Green,2018,NBA
James Harden,2018,NBA
Al Horford,2018,NBA
Damian Lillard,2018,NBA
Kyle Lowry,2018,NBA
Klay Thompson,2018,NBA
Karl-Anthony Towns,2018,NBA
LaMarcus Aldridge,2019,NBA
Bradley Beal,2019,NBA
Anthony Davis,2019,NBA
Kevin Durant,2019,NBA
James Harden,2019,NBA
Kyrie Irving,2019,NBA
LeBron James,2019,NBA
Kawhi Leonard,2019,NBA
Damian Lillard,2019,NBA
Ben Simmons,2019,NBA
Klay Thompson,2019,NBA
Karl-Anthony Towns,2019,NBA
Dwyane Wade,2019,NBA
Giannis Antetokounmpo,2019,NBA
Stephen Curry,2019,NBA
Joel Embiid,2019,NBA
Paul George,2019,NBA
Blake Griffin,2019,NBA
Nikola Jokić,2019,NBA
Kyle Lowry,2019,NBA
Khris Middleton,2019,NBA
Dirk Nowitzki,2019,NBA
Victor Oladipo (1),2019,NBA
D'Angelo Russell,2019,NBA
Nikola Vučević,2019,NBA
Kemba Walker,2019,NBA
Russell Westbrook,2019,NBA
Roger Brown*,1968,ABA
Darel Carrier,1968,ABA
Louie Dampier*,1968,ABA
Mel Daniels*,1968,ABA
Donnie Freeman,1968,ABA
Connie Hawkins*,1968,ABA
Les Hunter,1968,ABA
Tony Jackson,1968,ABA
Freddie Lewis,1968,ABA
Randolph Mahaffey,1968,ABA
Bob Netolicky,1968,ABA
Chico Vaughn,1968,ABA
John Beasley,1968,ABA
Arthur Becker,1968,ABA
Larry Brown*,1968,ABA
Larry Bunce,1968,ABA
Cliff Hagan*,1968,ABA
Jimmy Jones,1968,ABA
Larry Jones,1968,ABA
Dewitt Menyard,1968,ABA
Doug Moe,1968,ABA
Red Robbins,1968,ABA
Levern Tart,1968,ABA
Ben Warley,1968,ABA
Darel Carrier,1969,ABA
Louie Dampier*,1969,ABA
Mel Daniels*,1969,ABA
Donnie Freeman,1969,ABA
Les Hunter,1969,ABA
Goose Ligon,1969,ABA
Bob Netolicky,1969,ABA
Walter Simon,1969,ABA
Skip Thoren,1969,ABA
Trooper Washington,1969,ABA
Charles Williams,1969,ABA
Rick Barry*,1969,ABA
John Beasley,1969,ABA
Byron Beck,1969,ABA
Larry Brown*,1969,ABA
Warren Davis,1969,ABA
Wayne Hightower,1969,ABA
Mervin Jackson,1969,ABA
Jimmy Jones,1969,ABA
Larry Jones,1969,ABA
Doug Moe,1969,ABA
Red Robbins,1969,ABA
Willie Somerset,1969,ABA
Roger Brown*,1970,ABA
Darel Carrier,1970,ABA
Louie Dampier*,1970,ABA
Mel Daniels*,1970,ABA
Donnie Freeman,1970,ABA
Freddie Lewis,1970,ABA
Doug Moe,1970,ABA
Gene Moore,1970,ABA
Bob Netolicky,1970,ABA
Levern Tart,1970,ABA
Bob Verga,1970,ABA
Charles Williams,1970,ABA
Rick Barry*,1970,ABA
John Beasley,1970,ABA
Larry Brown*,1970,ABA
Glen Combs,1970,ABA
Lee Davis,1970,ABA
Gerald Govan,1970,ABA
Spencer Haywood*,1970,ABA
Warren Jabali,1970,ABA
Jimmy Jones,1970,ABA
Larry Jones,1970,ABA
Steve Jones,1970,ABA
Cincinnatus Powell,1970,ABA
Rick Barry*,1971,ABA
John Brisker,1971,ABA
Joe Caldwell,1971,ABA
Mack Calvin,1971,ABA
George Carter,1971,ABA
Dan Issel*,1971,ABA
Neil Johnson,1971,ABA
Larry Jones,1971,ABA
Mike Lewis,1971,ABA
Bill Melchionni,1971,ABA
Cincinnatus Powell,1971,ABA
Charlie Scott*,1971,ABA
Zelmo Beaty*,1971,ABA
Ron Boone,1971,ABA
Roger Brown*,1971,ABA
Glen Combs,1971,ABA
Mel Daniels*,1971,ABA
Donnie Freeman,1971,ABA
Jimmy Jones,1971,ABA
Steve Jones,1971,ABA
Julius Keye,1971,ABA
Wendell Ladner,1971,ABA
Bob Netolicky,1971,ABA
Red Robbins,1971,ABA
Rick Barry*,1972,ABA
John Brisker,1972,ABA
Mack Calvin,1972,ABA
Louie Dampier*,1972,ABA
Julius Erving*,1972,ABA
Artis Gilmore*,1972,ABA
Dan Issel*,1972,ABA
Warren Jabali,1972,ABA
Jim McDaniels,1972,ABA
Bill Melchionni,1972,ABA
Charlie Scott*,1972,ABA
George Thompson,1972,ABA
Zelmo Beaty*,1972,ABA
Arthur Becker,1972,ABA
Roger Brown*,1972,ABA
Glen Combs,1972,ABA
Mel Daniels*,1972,ABA
Donnie Freeman,1972,ABA
Steve Jones,1972,ABA
Wil Jones,1972,ABA
Wendell Ladner,1972,ABA
Freddie Lewis,1972,ABA
Ralph Simpson,1972,ABA
Willie Wise,1972,ABA
Joe Caldwell,1973,ABA
Mack Calvin,1973,ABA
Billy Cunningham*,1973,ABA
Louie Dampier*,1973,ABA
Julius Erving*,1973,ABA
Artis Gilmore*,1973,ABA
Dan Issel*,1973,ABA
Bill Melchionni,1973,ABA
Billy Paultz,1973,ABA
George Thompson,1973,ABA
Zelmo Beaty*,1973,ABA
Mel Daniels*,1973,ABA
Warren Jabali,1973,ABA
Stew Johnson,1973,ABA
Jimmy Jones,1973,ABA
Rich Jones,1973,ABA
George McGinnis*,1973,ABA
Ralph Simpson,1973,ABA
Chuck Williams,1973,ABA
Willie Wise,1973,ABA
Mack Calvin,1974,ABA
Louie Dampier*,1974,ABA
Jim Eakins,1974,ABA
Julius Erving*,1974,ABA
George Gervin*,1974,ABA
Artis Gilmore*,1974,ABA
Dan Issel*,1974,ABA
Larry Kenon,1974,ABA
Ted McClain,1974,ABA
George Thompson,1974,ABA
Ron Boone,1974,ABA
Mel Daniels*,1974,ABA
Warren Jabali,1974,ABA
Stew Johnson,1974,ABA
Jimmy Jones,1974,ABA
Rich Jones,1974,ABA
George McGinnis*,1974,ABA
Swen Nater,1974,ABA
Ralph Simpson,1974,ABA
Willie Wise,1974,ABA
Marvin Barnes,1975,ABA
Louie Dampier*,1975,ABA
Julius Erving*,1975,ABA
Artis Gilmore*,1975,ABA
Dan Issel*,1975,ABA
Stew Johnson,1975,ABA
Larry Kenon,1975,ABA
Freddie Lewis,1975,ABA
Billy Paultz,1975,ABA
Brian Taylor,1975,ABA
Dave Twardzik,1975,ABA
Ron Boone,1975,ABA
Mack Calvin,1975,ABA
George Gervin*,1975,ABA
Mike Green,1975,ABA
Caldwell Jones,1975,ABA
Moses Malone*,1975,ABA
George McGinnis*,1975,ABA
Swen Nater,1975,ABA
James Silas,1975,ABA
Ralph Simpson,1975,ABA
